{"cameraMode":{"drawMode":0,"name":"Shaded","section":"Shading Mode"},"sceneLighting":true,"audioPlay":false,"sceneViewState":{"showFog":true,"showMaterialUpdate":false,"showSkybox":true,"showFlares":true,"showImageEffects":true,"showParticleSystems":true},"in2DMode":false,"pivot":{"x":3.5071890354156496,"y":1.6223931312561036,"z":-3.535032033920288},"rotation":{"x":-0.024582838639616967,"y":0.6520838737487793,"z":-0.0210989061743021,"w":-0.7575445771217346},"size":1.207395076751709,"orthographic":false}