{"cameraMode":{"drawMode":0,"name":"Shaded","section":"Shading Mode"},"sceneLighting":true,"audioPlay":false,"sceneViewState":{"showFog":true,"showMaterialUpdate":false,"showSkybox":true,"showFlares":true,"showImageEffects":true,"showParticleSystems":true},"in2DMode":false,"pivot":{"x":-172.1141357421875,"y":2.3688063621520998,"z":72.64274597167969},"rotation":{"x":-0.0710383802652359,"y":0.7147117853164673,"z":-0.07337818294763565,"w":-0.6919233798980713},"size":2.889009475708008,"orthographic":false}