{"cameraMode":{"drawMode":0,"name":"Shaded","section":"Shading Mode"},"sceneLighting":true,"audioPlay":false,"sceneViewState":{"showFog":true,"showMaterialUpdate":false,"showSkybox":true,"showFlares":true,"showImageEffects":true,"showParticleSystems":true},"in2DMode":false,"pivot":{"x":-7.843250274658203,"y":-1.61097252368927,"z":2.087932825088501},"rotation":{"x":-0.0905316099524498,"y":0.6792215704917908,"z":-0.08500205725431442,"w":-0.7233961224555969},"size":8.97823715209961,"orthographic":false}