{"cameraMode":{"drawMode":0,"name":"Shaded","section":"Shading Mode"},"sceneLighting":true,"audioPlay":false,"sceneViewState":{"showFog":true,"showMaterialUpdate":true,"showSkybox":true,"showFlares":true,"showImageEffects":true,"showParticleSystems":true},"in2DMode":false,"pivot":{"x":-54.2830696105957,"y":148.53953552246095,"z":46.493770599365237},"rotation":{"x":0.032190483063459399,"y":0.6753361821174622,"z":-0.7364175915718079,"w":0.030336791649460794},"size":9.209882736206055,"orthographic":false}