{"cameraMode":{"drawMode":0,"name":"Shaded","section":"Shading Mode"},"sceneLighting":true,"audioPlay":false,"sceneViewState":{"showFog":true,"showMaterialUpdate":false,"showSkybox":true,"showFlares":true,"showImageEffects":true,"showParticleSystems":true},"in2DMode":false,"pivot":{"x":-10.770133018493653,"y":-3.7477657794952394,"z":20.262178421020509},"rotation":{"x":-0.14137563109397889,"y":0.16929595172405244,"z":-0.02466471865773201,"w":-0.9751246571540833},"size":16.165504455566408,"orthographic":false}