{"cameraMode":{"drawMode":0,"name":"Shaded","section":"Shading Mode"},"sceneLighting":false,"audioPlay":false,"sceneViewState":{"showFog":true,"showMaterialUpdate":false,"showSkybox":false,"showFlares":true,"showImageEffects":true,"showParticleSystems":true},"in2DMode":false,"pivot":{"x":-156.0,"y":4.900000095367432,"z":71.5999984741211},"rotation":{"x":0.041761789470911029,"y":0.7469509840011597,"z":-0.04712711274623871,"w":0.6618959903717041},"size":1.2247449159622193,"orthographic":false}